/*
 Navicat Premium Data Transfer

 Source Server         : mysql
 Source Server Type    : MySQL
 Source Server Version : 80034 (8.0.34)
 Source Host           : localhost:3306
 Source Schema         : party

 Target Server Type    : MySQL
 Target Server Version : 80034 (8.0.34)
 File Encoding         : 65001

 Date: 20/10/2023 13:35:44
*/

SET NAMES utf8mb4;
SET FOREIGN_KEY_CHECKS = 0;

-- ----------------------------
-- Table structure for administrator
-- ----------------------------
DROP TABLE IF EXISTS `administrator`;
CREATE TABLE `administrator`  (
  `id` int NOT NULL AUTO_INCREMENT,
  `name` varchar(255) CHARACTER SET utf8mb3 COLLATE utf8mb3_general_ci NOT NULL,
  `username` varchar(255) CHARACTER SET utf8mb3 COLLATE utf8mb3_general_ci NOT NULL,
  `password` varchar(255) CHARACTER SET utf8mb3 COLLATE utf8mb3_general_ci NOT NULL DEFAULT '123456',
  `email` varchar(255) CHARACTER SET utf8mb3 COLLATE utf8mb3_general_ci NULL DEFAULT NULL,
  `deleted` int NOT NULL DEFAULT 0,
  `status` int NULL DEFAULT NULL,
  PRIMARY KEY (`id`) USING BTREE
) ENGINE = InnoDB AUTO_INCREMENT = 4 CHARACTER SET = utf8mb3 COLLATE = utf8mb3_general_ci ROW_FORMAT = DYNAMIC;

-- ----------------------------
-- Records of administrator
-- ----------------------------
INSERT INTO `administrator` VALUES (1, '穆成瑀', '001', 'SHprMTM1NzkxMA==', '2272650008@qq.com', 0, 4);
INSERT INTO `administrator` VALUES (2, 'up', '003', 'Axs61222202', '2092473152@qq.com', 1, 4);
INSERT INTO `administrator` VALUES (3, '郝辉上', '002', 'WmhhbmdodWl3dTA5MDk=', '2798205174@qq.com', 0, 4);

-- ----------------------------
-- Table structure for persona
-- ----------------------------
DROP TABLE IF EXISTS `persona`;
CREATE TABLE `persona`  (
  `id` int NOT NULL AUTO_INCREMENT,
  `name` varchar(255) CHARACTER SET utf8mb3 COLLATE utf8mb3_general_ci NOT NULL,
  `username` varchar(255) CHARACTER SET utf8mb3 COLLATE utf8mb3_general_ci NOT NULL,
  `password` varchar(255) CHARACTER SET utf8mb3 COLLATE utf8mb3_general_ci NOT NULL DEFAULT '123456',
  `email` varchar(255) CHARACTER SET utf8mb3 COLLATE utf8mb3_general_ci NULL DEFAULT NULL,
  `status` int NULL DEFAULT 1 COMMENT '状态码',
  PRIMARY KEY (`id`, `username`) USING BTREE,
  INDEX `username`(`username` ASC) USING BTREE
) ENGINE = InnoDB AUTO_INCREMENT = 137 CHARACTER SET = utf8mb3 COLLATE = utf8mb3_general_ci ROW_FORMAT = DYNAMIC;

-- ----------------------------
-- Records of persona
-- ----------------------------
INSERT INTO `persona` VALUES (18, '李洪彬', '2136101015', '123456', NULL, 0);
INSERT INTO `persona` VALUES (19, '杨孝龙', '2136101016', '123456', NULL, 0);
INSERT INTO `persona` VALUES (20, '周闯', '2136101017', '123456', NULL, 0);
INSERT INTO `persona` VALUES (21, '刘良旋', '2136101018', '123456', NULL, 0);
INSERT INTO `persona` VALUES (22, '张皓博', '2136101019', '123456', NULL, 0);
INSERT INTO `persona` VALUES (23, '殷久虎', '2136101020', '123456', NULL, 0);
INSERT INTO `persona` VALUES (24, '尚路豪', '2136101021', '123456', NULL, 0);
INSERT INTO `persona` VALUES (25, '聂爽', '2136101022', '123456', NULL, 0);
INSERT INTO `persona` VALUES (26, '成世浩', '2136101023', '123456', NULL, 0);
INSERT INTO `persona` VALUES (27, '姚文杰', '2136101024', '123456', NULL, 0);
INSERT INTO `persona` VALUES (28, '葛栋铎', '2136101025', '123456', NULL, 0);
INSERT INTO `persona` VALUES (29, '陈帅龙', '2136101026', '123456', NULL, 0);
INSERT INTO `persona` VALUES (30, '袁佳钰', '2136101027', '123456', NULL, 0);
INSERT INTO `persona` VALUES (31, '韩昌序', '2136101028', '123456', NULL, 0);
INSERT INTO `persona` VALUES (32, '张悦', '2136101030', '123456', NULL, 0);
INSERT INTO `persona` VALUES (33, '侯世航', '2136101031', '123456', NULL, 0);
INSERT INTO `persona` VALUES (34, '赵经昊', '2136101032', '123456', NULL, 0);
INSERT INTO `persona` VALUES (35, '曹佳怡', '2136101033', '123456', NULL, 0);
INSERT INTO `persona` VALUES (36, '李佳慧', '2136101034', '123456', NULL, 0);
INSERT INTO `persona` VALUES (37, '于广令', '2136101035', '123456', NULL, 0);
INSERT INTO `persona` VALUES (38, '原康辉', '2136101036', '123456', NULL, 0);
INSERT INTO `persona` VALUES (39, '李紫莹', '2136101037', '123456', NULL, 0);
INSERT INTO `persona` VALUES (40, '肖丹', '2136101038', '123456', NULL, 0);
INSERT INTO `persona` VALUES (41, '李炫璋', '2136101039', '123456', NULL, 0);
INSERT INTO `persona` VALUES (42, '李鑫贝', '2136101040', '123456', NULL, 0);
INSERT INTO `persona` VALUES (43, '强雪银', '2136101041', '123456', NULL, 0);
INSERT INTO `persona` VALUES (44, '陶艺', '2136101043', '123456', NULL, 0);
INSERT INTO `persona` VALUES (45, '唐恒', '2136101044', '123456', NULL, 0);
INSERT INTO `persona` VALUES (46, '刘东', '2136101045', 'TGQyOTk1OTM=', '2562907972@qq.com', 0);
INSERT INTO `persona` VALUES (47, '卢向上', '2136101046', 'Axs61222202', '2092473152@qq.com', 0);
INSERT INTO `persona` VALUES (48, '王璐琪', '2136101047', '123456', NULL, 0);
INSERT INTO `persona` VALUES (49, '杨澍茂', '2136101048', '123456', NULL, 0);
INSERT INTO `persona` VALUES (50, '南佳媛', '2136101049', '123456', NULL, 0);
INSERT INTO `persona` VALUES (51, '陈中升', '2136101050', '123456', NULL, 0);
INSERT INTO `persona` VALUES (52, '焦佳乐', '2136101051', '123456', NULL, 0);
INSERT INTO `persona` VALUES (53, '袁豪飞', '2136101052', '123456', NULL, 0);
INSERT INTO `persona` VALUES (54, '余振宇', '2136101053', '123456', NULL, 0);
INSERT INTO `persona` VALUES (55, '未想', '2136101054', '123456', NULL, 0);
INSERT INTO `persona` VALUES (56, '唐绍波', '2136101055', '123456', NULL, 0);
INSERT INTO `persona` VALUES (57, '于壮壮', '2136101056', '123456', NULL, 0);
INSERT INTO `persona` VALUES (58, '何英楠', '2136101057', '123456', NULL, 0);
INSERT INTO `persona` VALUES (59, '卢仕航', '2136101058', '123456', NULL, 0);
INSERT INTO `persona` VALUES (60, '谢亚呈', '2136101059', '123456', NULL, 0);
INSERT INTO `persona` VALUES (61, '郭继州', '2136101060', '123456', NULL, 0);
INSERT INTO `persona` VALUES (62, '吴家新', '2136101061', '123456', NULL, 0);
INSERT INTO `persona` VALUES (63, '原铂鑫', '2136101062', '123456', NULL, 0);
INSERT INTO `persona` VALUES (64, '夏文涛', '2136101063', '123456', NULL, 0);
INSERT INTO `persona` VALUES (65, '班慧杰', '2136101064', '123456', NULL, 0);
INSERT INTO `persona` VALUES (66, '梁志伟', '2136101065', '123456', NULL, 0);
INSERT INTO `persona` VALUES (67, '贾梦亚', '2136101066', '123456', NULL, 0);
INSERT INTO `persona` VALUES (68, '李秋李', '2136101067', '123456', NULL, 0);
INSERT INTO `persona` VALUES (69, '张帅军', '2136101068', '123456', NULL, 0);
INSERT INTO `persona` VALUES (70, '安旌天', '2136101069', '123456', NULL, 0);
INSERT INTO `persona` VALUES (71, '文传杰', '2136101070', '123456', NULL, 0);
INSERT INTO `persona` VALUES (72, '刘志文', '2136101071', '123456', NULL, 0);
INSERT INTO `persona` VALUES (73, '常印', '2136101072', '123456', NULL, 0);
INSERT INTO `persona` VALUES (74, '刘常阔', '2136101073', '123456', NULL, 0);
INSERT INTO `persona` VALUES (75, '刘美阳', '2136101074', '123456', NULL, 0);
INSERT INTO `persona` VALUES (76, '李相钱', '2136101075', '123456', NULL, 0);
INSERT INTO `persona` VALUES (77, '李明洋', '2136101076', '123456', NULL, 0);
INSERT INTO `persona` VALUES (78, '袁鹏', '2136101077', '123456', NULL, 0);
INSERT INTO `persona` VALUES (79, '薛晓龙', '2136101078', '123456', NULL, 0);
INSERT INTO `persona` VALUES (80, '杨一波', '2136101079', '123456', NULL, 0);
INSERT INTO `persona` VALUES (81, '王海涛', '2136101080', '123456', NULL, 0);
INSERT INTO `persona` VALUES (82, '王文博', '2136101081', '123456', NULL, 0);
INSERT INTO `persona` VALUES (83, '王雨琦', '2136101082', '123456', NULL, 0);
INSERT INTO `persona` VALUES (84, '赵帅', '2136101083', '123456', NULL, 0);
INSERT INTO `persona` VALUES (85, '徐清凯', '2136101084', '123456', NULL, 0);
INSERT INTO `persona` VALUES (86, '张萌萌', '2136101085', '123456', NULL, 0);
INSERT INTO `persona` VALUES (87, '郑镇威', '2136101086', '123456', NULL, 0);
INSERT INTO `persona` VALUES (88, '李坤', '2136101087', '123456', NULL, 0);
INSERT INTO `persona` VALUES (89, '武梦尧', '2136101088', '123456', NULL, 0);
INSERT INTO `persona` VALUES (90, '赵妍', '2136101089', '123456', NULL, 0);
INSERT INTO `persona` VALUES (91, '周扬', '2136101090', '123456', NULL, 0);
INSERT INTO `persona` VALUES (92, '庄隆欣', '2136101091', '123456', NULL, 0);
INSERT INTO `persona` VALUES (93, '孙文杰', '2136101092', '123456', NULL, 0);
INSERT INTO `persona` VALUES (94, '王梦宇', '2136101094', '123456', NULL, 0);
INSERT INTO `persona` VALUES (95, '许凯达', '2136101095', '123456', NULL, 0);
INSERT INTO `persona` VALUES (96, '刘海涛', '2136101096', '123456', NULL, 0);
INSERT INTO `persona` VALUES (97, '常铭宇', '2136101097', '123456', NULL, 0);
INSERT INTO `persona` VALUES (98, '翟展旭', '2136101098', '123456', NULL, 0);
INSERT INTO `persona` VALUES (99, '李阅康', '2136101099', '123456', NULL, 0);
INSERT INTO `persona` VALUES (100, '蒋梅静', '2136101100', '123456', NULL, 0);
INSERT INTO `persona` VALUES (101, '周家乐', '2136101101', '123456', NULL, 0);
INSERT INTO `persona` VALUES (102, '陈胤龙', '2136101102', '123456', NULL, 0);
INSERT INTO `persona` VALUES (103, '薛奥运', '2136101103', '123456', NULL, 0);
INSERT INTO `persona` VALUES (104, '党璟涛', '2136101104', '123456', NULL, 0);
INSERT INTO `persona` VALUES (105, '高艺帆', '2136101105', '123456', NULL, 0);
INSERT INTO `persona` VALUES (106, '张书豪', '2136101106', '123456', NULL, 0);
INSERT INTO `persona` VALUES (107, '祁威铭', '2136101107', '123456', NULL, 0);
INSERT INTO `persona` VALUES (108, '陈文博', '2136101108', '123456', NULL, 0);
INSERT INTO `persona` VALUES (109, '郑遇琪', '2136101109', '123456', NULL, 0);
INSERT INTO `persona` VALUES (110, '张辉武', '2136101110', 'WmhhbmdodWl3dTA5MDk=', NULL, 0);
INSERT INTO `persona` VALUES (111, '白卓妍', '2136101111', '123456', NULL, 0);
INSERT INTO `persona` VALUES (112, '孟凡超', '2136101112', '123456', NULL, 0);
INSERT INTO `persona` VALUES (113, '赵建旭', '2136101113', '123456', NULL, 0);
INSERT INTO `persona` VALUES (114, '周子涵', '2136101114', '123456', NULL, 0);
INSERT INTO `persona` VALUES (115, '王群浩', '2136101115', '123456', NULL, 0);
INSERT INTO `persona` VALUES (116, '王富景', '2136101116', '123456', NULL, 0);
INSERT INTO `persona` VALUES (117, '张志伟', '2136101117', '123456', NULL, 0);
INSERT INTO `persona` VALUES (118, '段文辉', '2136101118', '123456', NULL, 0);
INSERT INTO `persona` VALUES (119, '路朝麟', '2136101119', '123456', NULL, 0);
INSERT INTO `persona` VALUES (120, '杨宇航', '2136101120', '123456', NULL, 0);
INSERT INTO `persona` VALUES (121, '郝振凯', '2136101042', 'Hzk1357910', '2272650008@qq.com', 0);
INSERT INTO `persona` VALUES (132, '郝辉卢', '2136101125', '123456', NULL, 0);
INSERT INTO `persona` VALUES (133, '郝辉上', '2136101126', '123456', NULL, 0);
INSERT INTO `persona` VALUES (134, '张辉卢', '2136101234', '123456', NULL, 0);
INSERT INTO `persona` VALUES (135, '李四', '2136435678', '123456', NULL, 0);
INSERT INTO `persona` VALUES (136, '李六', '2136101304', '123456', NULL, 0);

-- ----------------------------
-- Table structure for personi
-- ----------------------------
DROP TABLE IF EXISTS `personi`;
CREATE TABLE `personi`  (
  `id` varchar(255) CHARACTER SET utf8mb3 COLLATE utf8mb3_general_ci NOT NULL,
  `grade` varchar(255) CHARACTER SET utf8mb3 COLLATE utf8mb3_general_ci NULL DEFAULT NULL,
  `major` varchar(255) CHARACTER SET utf8mb3 COLLATE utf8mb3_general_ci NULL DEFAULT NULL,
  `class_num` varchar(255) CHARACTER SET utf8mb3 COLLATE utf8mb3_general_ci NULL DEFAULT NULL,
  `id_num` varchar(255) CHARACTER SET utf8mb3 COLLATE utf8mb3_general_ci NULL DEFAULT NULL,
  `hometown` varchar(255) CHARACTER SET utf8mb3 COLLATE utf8mb3_general_ci NULL DEFAULT NULL,
  `phone_num` varchar(255) CHARACTER SET utf8mb3 COLLATE utf8mb3_general_ci NULL DEFAULT NULL,
  `joining_time` varchar(225) CHARACTER SET utf8mb3 COLLATE utf8mb3_general_ci NULL DEFAULT NULL,
  `joining_school` varchar(255) CHARACTER SET utf8mb3 COLLATE utf8mb3_general_ci NULL DEFAULT NULL,
  `home_address` text CHARACTER SET utf8mb3 COLLATE utf8mb3_general_ci NULL,
  `sub_time` date NULL DEFAULT NULL,
  `pub_time` varchar(255) CHARACTER SET utf8mb3 COLLATE utf8mb3_general_ci NULL DEFAULT NULL,
  `det_time` date NULL DEFAULT NULL,
  `del_time` date NULL DEFAULT NULL,
  `fil_time` date NULL DEFAULT NULL,
  `cul_people` varchar(255) CHARACTER SET utf8mb3 COLLATE utf8mb3_general_ci NULL DEFAULT NULL,
  `condition` text CHARACTER SET utf8mb3 COLLATE utf8mb3_general_ci NULL,
  `tra_time` date NULL DEFAULT NULL,
  `com_time` date NULL DEFAULT NULL,
  `qua` varchar(255) CHARACTER SET utf8mb3 COLLATE utf8mb3_general_ci NULL DEFAULT NULL,
  `name` varchar(255) CHARACTER SET utf8mb3 COLLATE utf8mb3_general_ci NOT NULL,
  `status` varchar(255) CHARACTER SET utf8mb3 COLLATE utf8mb3_general_ci NULL DEFAULT NULL,
  `birthday` date NULL DEFAULT NULL,
  PRIMARY KEY (`id`) USING BTREE
) ENGINE = InnoDB CHARACTER SET = utf8mb3 COLLATE = utf8mb3_general_ci ROW_FORMAT = DYNAMIC;

-- ----------------------------
-- Records of personi
-- ----------------------------
INSERT INTO `personi` VALUES ('1903643021', NULL, NULL, NULL, 'NDExNDgxMjIwMzA1MTAxMDQw', '河南省,新乡市,封丘县', '17630727164', '2023-08-24', NULL, NULL, '2023-08-24', '2023-08-15,2023-09-07', '2023-08-24', '2023-08-24', '2023-08-24', NULL, NULL, '2023-08-24', '2023-08-24', NULL, '冯清轩', NULL, NULL);
INSERT INTO `personi` VALUES ('1903689011', NULL, NULL, NULL, 'NDExNDgxMjIwMzA1MTAxMDQw', '河南省,新乡市,封丘县', '17630727164', '2023-08-24', NULL, NULL, '2023-08-24', '2023-08-15,2023-09-07', '2023-08-24', '2023-08-24', '2023-08-24', NULL, NULL, '2023-08-24', '2023-08-24', NULL, '李怡霖', NULL, NULL);
INSERT INTO `personi` VALUES ('2136078067', NULL, NULL, NULL, 'NDExNDgxMjIwMzA1MTAxMDQw', '河南省,新乡市,封丘县', '17630727164', '2023-08-24', NULL, NULL, '2023-08-24', '2023-08-15,2023-09-07', '2023-08-24', '2023-08-24', '2023-08-24', NULL, NULL, '2023-08-24', '2023-08-24', NULL, '栗浩宇', NULL, NULL);
INSERT INTO `personi` VALUES ('2136101001', NULL, NULL, NULL, 'NDExNDgxMjIwMzA1MTAxMDQw', '河南省,新乡市,封丘县', '17630727164', '2023-08-24', NULL, NULL, '2023-08-24', '2023-08-15,2023-09-07', '2023-08-24', '2023-08-24', '2023-08-24', NULL, NULL, '2023-08-24', '2023-08-24', NULL, '崔思莹', NULL, NULL);
INSERT INTO `personi` VALUES ('2136101002', NULL, NULL, NULL, 'NDExNDgxMjIwMzA1MTAxMDQw', '河南省,新乡市,封丘县', '17630727164', '2023-08-24', NULL, NULL, '2023-08-24', '2023-08-15,2023-09-07', '2023-08-24', '2023-08-24', '2023-08-24', NULL, NULL, '2023-08-24', '2023-08-24', NULL, '胡月红', NULL, NULL);
INSERT INTO `personi` VALUES ('2136101003', NULL, NULL, NULL, 'NDExNDgxMjIwMzA1MTAxMDQw', '河南省,新乡市,封丘县', '17630727164', '2023-08-24', NULL, NULL, '2023-08-24', '2023-08-15,2023-09-07', '2023-08-24', '2023-08-24', '2023-08-24', NULL, NULL, '2023-08-24', '2023-08-24', NULL, '宋晨', NULL, NULL);
INSERT INTO `personi` VALUES ('2136101004', NULL, NULL, NULL, 'NDExNDgxMjIwMzA1MTAxMDQw', '河南省,新乡市,封丘县', '17630727164', '2023-08-24', NULL, NULL, '2023-08-24', '2023-08-15,2023-09-07', '2023-08-24', '2023-08-24', '2023-08-24', NULL, NULL, '2023-08-24', '2023-08-24', NULL, '张笑文', NULL, NULL);
INSERT INTO `personi` VALUES ('2136101005', NULL, NULL, NULL, 'NDExNDgxMjIwMzA1MTAxMDQw', '河南省,新乡市,封丘县', '17630727164', '2023-08-24', NULL, NULL, '2023-08-24', '2023-08-15,2023-09-07', '2023-08-24', '2023-08-24', '2023-08-24', NULL, NULL, '2023-08-24', '2023-08-24', NULL, '姬程翔', NULL, NULL);
INSERT INTO `personi` VALUES ('2136101006', NULL, NULL, NULL, 'NDExNDgxMjIwMzA1MTAxMDQw', '河南省,新乡市,封丘县', '17630727164', '2023-08-24', NULL, NULL, '2023-08-24', '2023-08-15,2023-09-07', '2023-08-24', '2023-08-24', '2023-08-24', NULL, NULL, '2023-08-24', '2023-08-24', NULL, '李阅健', NULL, NULL);
INSERT INTO `personi` VALUES ('2136101007', NULL, NULL, NULL, 'NDExNDgxMjIwMzA1MTAxMDQw', '河南省,新乡市,封丘县', '17630727164', '2023-08-24', NULL, NULL, '2023-08-24', '2023-08-15,2023-09-07', '2023-08-24', '2023-08-24', '2023-08-24', NULL, NULL, '2023-08-24', '2023-08-24', NULL, '张珂', NULL, NULL);
INSERT INTO `personi` VALUES ('2136101008', NULL, NULL, NULL, 'NDExNDgxMjIwMzA1MTAxMDQw', '河南省,新乡市,封丘县', '17630727164', '2023-08-24', NULL, NULL, '2023-08-24', '2023-08-15,2023-09-07', '2023-08-24', '2023-08-24', '2023-08-24', NULL, NULL, '2023-08-24', '2023-08-24', NULL, '徐豪', NULL, NULL);
INSERT INTO `personi` VALUES ('2136101009', NULL, NULL, NULL, 'NDExNDgxMjIwMzA1MTAxMDQw', '河南省,新乡市,封丘县', '17630727164', '2023-08-24', NULL, NULL, '2023-08-24', '2023-08-15,2023-09-07', '2023-08-24', '2023-08-24', '2023-08-24', NULL, NULL, '2023-08-24', '2023-08-24', NULL, '张子露', NULL, NULL);
INSERT INTO `personi` VALUES ('2136101010', NULL, NULL, NULL, 'NDExNDgxMjIwMzA1MTAxMDQw', '河南省,新乡市,封丘县', '17630727164', '2023-08-24', NULL, NULL, '2023-08-24', '2023-08-15,2023-09-07', '2023-08-24', '2023-08-24', '2023-08-24', NULL, NULL, '2023-08-24', '2023-08-24', NULL, '陈谱', NULL, NULL);
INSERT INTO `personi` VALUES ('2136101011', NULL, NULL, NULL, 'NDExNDgxMjIwMzA1MTAxMDQw', '河南省,新乡市,封丘县', '17630727164', '2023-08-24', NULL, NULL, '2023-08-24', '2023-08-15,2023-09-07', '2023-08-24', '2023-08-24', '2023-08-24', NULL, NULL, '2023-08-24', '2023-08-24', NULL, '刘攀', NULL, NULL);
INSERT INTO `personi` VALUES ('2136101012', NULL, NULL, NULL, 'NDExNDgxMjIwMzA1MTAxMDQw', '河南省,新乡市,封丘县', '17630727164', '2023-08-24', NULL, NULL, '2023-08-24', '2023-08-15,2023-09-07', '2023-08-24', '2023-08-24', '2023-08-24', NULL, NULL, '2023-08-24', '2023-08-24', NULL, '胡广杰', NULL, NULL);
INSERT INTO `personi` VALUES ('2136101015', NULL, NULL, NULL, 'NDExNDgxMjIwMzA1MTAxMDQw', '河南省,新乡市,封丘县', '17630727164', '2023-08-24', NULL, NULL, '2023-08-24', '2023-08-15,2023-09-07', '2023-08-24', '2023-08-24', '2023-08-24', NULL, NULL, '2023-08-24', '2023-08-24', NULL, '李洪彬', NULL, NULL);
INSERT INTO `personi` VALUES ('2136101016', NULL, NULL, NULL, 'NDExNDgxMjIwMzA1MTAxMDQw', '河南省,新乡市,封丘县', '17630727164', '2023-08-24', NULL, NULL, '2023-08-24', '2023-08-15,2023-09-07', '2023-08-24', '2023-08-24', '2023-08-24', NULL, NULL, '2023-08-24', '2023-08-24', NULL, '杨孝龙', NULL, NULL);
INSERT INTO `personi` VALUES ('2136101017', NULL, NULL, NULL, 'NDExNDgxMjIwMzA1MTAxMDQw', '河南省,新乡市,封丘县', '17630727164', '2023-08-24', NULL, NULL, '2023-08-24', '2023-08-15,2023-09-07', '2023-08-24', '2023-08-24', '2023-08-24', NULL, NULL, '2023-08-24', '2023-08-24', NULL, '周闯', NULL, NULL);
INSERT INTO `personi` VALUES ('2136101018', NULL, NULL, NULL, 'NDExNDgxMjIwMzA1MTAxMDQw', '河南省,新乡市,封丘县', '17630727164', '2023-08-24', NULL, NULL, '2023-08-24', '2023-08-15,2023-09-07', '2023-08-24', '2023-08-24', '2023-08-24', NULL, NULL, '2023-08-24', '2023-08-24', NULL, '刘良旋', NULL, NULL);
INSERT INTO `personi` VALUES ('2136101019', NULL, NULL, NULL, 'NDExNDgxMjIwMzA1MTAxMDQw', '河南省,新乡市,封丘县', '17630727164', '2023-08-24', NULL, NULL, '2023-08-24', '2023-08-15,2023-09-07', '2023-08-24', '2023-08-24', '2023-08-24', NULL, NULL, '2023-08-24', '2023-08-24', NULL, '张皓博', NULL, NULL);
INSERT INTO `personi` VALUES ('2136101020', NULL, NULL, NULL, 'NDExNDgxMjIwMzA1MTAxMDQw', '河南省,新乡市,封丘县', '17630727164', '2023-08-24', NULL, NULL, '2023-08-24', '2023-08-15,2023-09-07', '2023-08-24', '2023-08-24', '2023-08-24', NULL, NULL, '2023-08-24', '2023-08-24', NULL, '殷久虎', NULL, NULL);
INSERT INTO `personi` VALUES ('2136101021', NULL, NULL, NULL, 'NDExNDgxMjIwMzA1MTAxMDQw', '河南省,新乡市,封丘县', '17630727164', '2023-08-24', NULL, NULL, '2023-08-24', '2023-08-15,2023-09-07', '2023-08-24', '2023-08-24', '2023-08-24', NULL, NULL, '2023-08-24', '2023-08-24', NULL, '尚路豪', NULL, NULL);
INSERT INTO `personi` VALUES ('2136101022', NULL, NULL, NULL, 'NDExNDgxMjIwMzA1MTAxMDQw', '河南省,新乡市,封丘县', '17630727164', '2023-08-24', NULL, NULL, '2023-08-24', '2023-08-15,2023-09-07', '2023-08-24', '2023-08-24', '2023-08-24', NULL, NULL, '2023-08-24', '2023-08-24', NULL, '聂爽', NULL, NULL);
INSERT INTO `personi` VALUES ('2136101023', NULL, NULL, NULL, 'NDExNDgxMjIwMzA1MTAxMDQw', '河南省,新乡市,封丘县', '17630727164', '2023-08-24', NULL, NULL, '2023-08-24', '2023-08-15,2023-09-07', '2023-08-24', '2023-08-24', '2023-08-24', NULL, NULL, '2023-08-24', '2023-08-24', NULL, '成世浩', NULL, NULL);
INSERT INTO `personi` VALUES ('2136101024', NULL, NULL, NULL, 'NDExNDgxMjIwMzA1MTAxMDQw', '河南省,新乡市,封丘县', '17630727164', '2023-08-24', NULL, NULL, '2023-08-24', '2023-08-15,2023-09-07', '2023-08-24', '2023-08-24', '2023-08-24', NULL, NULL, '2023-08-24', '2023-08-24', NULL, '姚文杰', NULL, NULL);
INSERT INTO `personi` VALUES ('2136101025', NULL, NULL, NULL, 'NDExNDgxMjIwMzA1MTAxMDQw', '河南省,新乡市,封丘县', '17630727164', '2023-08-24', NULL, NULL, '2023-08-24', '2023-08-15,2023-09-07', '2023-08-24', '2023-08-24', '2023-08-24', NULL, NULL, '2023-08-24', '2023-08-24', NULL, '葛栋铎', NULL, NULL);
INSERT INTO `personi` VALUES ('2136101026', NULL, NULL, NULL, 'NDExNDgxMjIwMzA1MTAxMDQw', '河南省,新乡市,封丘县', '17630727164', '2023-08-24', NULL, NULL, '2023-08-24', '2023-08-15,2023-09-07', '2023-08-24', '2023-08-24', '2023-08-24', NULL, NULL, '2023-08-24', '2023-08-24', NULL, '陈帅龙', NULL, NULL);
INSERT INTO `personi` VALUES ('2136101027', NULL, NULL, NULL, 'NDExNDgxMjIwMzA1MTAxMDQw', '河南省,新乡市,封丘县', '17630727164', '2023-08-24', NULL, NULL, '2023-08-24', '2023-08-15,2023-09-07', '2023-08-24', '2023-08-24', '2023-08-24', NULL, NULL, '2023-08-24', '2023-08-24', NULL, '袁佳钰', NULL, NULL);
INSERT INTO `personi` VALUES ('2136101028', NULL, NULL, NULL, 'NDExNDgxMjIwMzA1MTAxMDQw', '河南省,新乡市,封丘县', '17630727164', '2023-08-24', NULL, NULL, '2023-08-24', '2023-08-15,2023-09-07', '2023-08-24', '2023-08-24', '2023-08-24', NULL, NULL, '2023-08-24', '2023-08-24', NULL, '韩昌序', NULL, NULL);
INSERT INTO `personi` VALUES ('2136101030', NULL, NULL, NULL, 'NDExNDgxMjIwMzA1MTAxMDQw', '河南省,新乡市,封丘县', '17630727164', '2023-08-24', NULL, NULL, '2023-08-24', '2023-08-15,2023-09-07', '2023-08-24', '2023-08-24', '2023-08-24', NULL, NULL, '2023-08-24', '2023-08-24', NULL, '张悦', NULL, NULL);
INSERT INTO `personi` VALUES ('2136101031', NULL, NULL, NULL, 'NDExNDgxMjIwMzA1MTAxMDQw', '河南省,新乡市,封丘县', '17630727164', '2023-08-24', NULL, NULL, '2023-08-24', '2023-08-15,2023-09-07', '2023-08-24', '2023-08-24', '2023-08-24', NULL, NULL, '2023-08-24', '2023-08-24', NULL, '侯世航', NULL, NULL);
INSERT INTO `personi` VALUES ('2136101032', NULL, NULL, NULL, 'NDExNDgxMjIwMzA1MTAxMDQw', '河南省,新乡市,封丘县', '17630727164', '2023-08-24', NULL, NULL, '2023-08-24', '2023-08-15,2023-09-07', '2023-08-24', '2023-08-24', '2023-08-24', NULL, NULL, '2023-08-24', '2023-08-24', NULL, '赵经昊', NULL, NULL);
INSERT INTO `personi` VALUES ('2136101033', NULL, NULL, NULL, 'NDExNDgxMjIwMzA1MTAxMDQw', '河南省,新乡市,封丘县', '17630727164', '2023-08-24', NULL, NULL, '2023-08-24', '2023-08-15,2023-09-07', '2023-08-24', '2023-08-24', '2023-08-24', NULL, NULL, '2023-08-24', '2023-08-24', NULL, '曹佳怡', NULL, NULL);
INSERT INTO `personi` VALUES ('2136101034', NULL, NULL, NULL, 'NDExNDgxMjIwMzA1MTAxMDQw', '河南省,新乡市,封丘县', '17630727164', '2023-08-24', NULL, NULL, '2023-08-24', '2023-08-15,2023-09-07', '2023-08-24', '2023-08-24', '2023-08-24', NULL, NULL, '2023-08-24', '2023-08-24', NULL, '李佳慧', '党员', NULL);
INSERT INTO `personi` VALUES ('2136101035', NULL, NULL, NULL, 'NDExNDgxMjIwMzA1MTAxMDQw', '河南省,新乡市,封丘县', '17630727164', '2023-08-24', NULL, NULL, '2023-08-24', '2023-08-15,2023-09-07', '2023-08-24', '2023-08-24', '2023-08-24', NULL, NULL, '2023-08-24', '2023-08-24', NULL, '于广令', NULL, NULL);
INSERT INTO `personi` VALUES ('2136101036', NULL, NULL, NULL, 'NDExNDgxMjIwMzA1MTAxMDQw', '河南省,新乡市,封丘县', '17630727164', '2023-08-24', NULL, NULL, '2023-08-24', '2023-08-15,2023-09-07', '2023-08-24', '2023-08-24', '2023-08-24', NULL, NULL, '2023-08-24', '2023-08-24', NULL, '原康辉', NULL, NULL);
INSERT INTO `personi` VALUES ('2136101037', NULL, NULL, NULL, 'NDExNDgxMjIwMzA1MTAxMDQw', '河南省,新乡市,封丘县', '17630727164', '2023-08-24', NULL, NULL, '2023-08-24', '2023-08-15,2023-09-07', '2023-08-24', '2023-08-24', '2023-08-24', NULL, NULL, '2023-08-24', '2023-08-24', NULL, '李紫莹', NULL, NULL);
INSERT INTO `personi` VALUES ('2136101038', NULL, NULL, NULL, 'NDExNDgxMjIwMzA1MTAxMDQw', '河南省,新乡市,封丘县', '17630727164', '2023-08-24', NULL, NULL, '2023-08-24', '2023-08-15,2023-09-07', '2023-08-24', '2023-08-24', '2023-08-24', NULL, NULL, '2023-08-24', '2023-08-24', NULL, '肖丹', NULL, NULL);
INSERT INTO `personi` VALUES ('2136101039', NULL, NULL, NULL, 'NDExNDgxMjIwMzA1MTAxMDQw', '河南省,新乡市,封丘县', '17630727164', '2023-08-24', NULL, NULL, '2023-08-24', '2023-08-15,2023-09-07', '2023-08-24', '2023-08-24', '2023-08-24', NULL, NULL, '2023-08-24', '2023-08-24', NULL, '李炫璋', NULL, NULL);
INSERT INTO `personi` VALUES ('2136101040', NULL, NULL, NULL, 'NDExNDgxMjIwMzA1MTAxMDQw', '河南省,新乡市,封丘县', '17630727164', '2023-08-24', NULL, NULL, '2023-08-24', '2023-08-15,2023-09-07', '2023-08-24', '2023-08-24', '2023-08-24', NULL, NULL, '2023-08-24', '2023-08-24', NULL, '李鑫贝', NULL, NULL);
INSERT INTO `personi` VALUES ('2136101041', NULL, NULL, NULL, 'NDExNDgxMjIwMzA1MTAxMDQw', '河南省,新乡市,封丘县', '17630727164', '2023-08-24', NULL, NULL, '2023-08-24', '2023-08-15,2023-09-07', '2023-08-24', '2023-08-24', '2023-08-24', NULL, NULL, '2023-08-24', '2023-08-24', NULL, '强雪银', NULL, NULL);
INSERT INTO `personi` VALUES ('2136101042', NULL, NULL, NULL, 'NDExNDgxMjIwMzA1MTAxMDQw', '河南省,新乡市,封丘县', '17630727164', '2023-08-24', NULL, NULL, '2023-08-24', '2023-08-15,2023-09-07', '2023-08-24', '2023-08-24', '2023-08-24', NULL, NULL, '2023-08-24', '2023-08-24', NULL, '陶艺', NULL, NULL);
INSERT INTO `personi` VALUES ('2136101043', NULL, NULL, NULL, 'NDExNDgxMjIwMzA1MTAxMDQw', '河南省,新乡市,封丘县', '17630727164', '2023-08-24', NULL, NULL, '2023-08-24', '2023-08-15,2023-09-07', '2023-08-24', '2023-08-24', '2023-08-24', NULL, NULL, '2023-08-24', '2023-08-24', NULL, '陶艺', NULL, NULL);
INSERT INTO `personi` VALUES ('2136101044', NULL, NULL, NULL, 'NDExNDgxMjIwMzA1MTAxMDQw', '河南省,新乡市,封丘县', '17630727164', '2023-08-24', NULL, NULL, '2023-08-24', '2023-08-15,2023-09-07', '2023-08-24', '2023-08-24', '2023-08-24', NULL, NULL, '2023-08-24', '2023-08-24', NULL, '唐恒', NULL, NULL);
INSERT INTO `personi` VALUES ('2136101045', '2021级', '软件工程', '1班', '', '河南省,新乡市,封丘县', '', '2023-08-24', '河南开封科技传媒学院', '河南省新乡市封丘县荆隆宫乡后钟銮城村', '2023-08-24', '2023-08-15,2023-09-07', '2023-08-24', '2023-08-24', '2023-08-24', '穆成瑀', '优秀', '2023-08-24', '2023-08-24', '是', '刘东', '发展对象', '2000-01-29');
INSERT INTO `personi` VALUES ('2136101046', '2021级', '软件工程', '1班', 'NDExNDgxMjAwMzA1MTAxMDUw', '河南省,新乡市,封丘县', '17630727164', '2023-08-24', '河南开封科技传媒学院', '河南开封科技', '2023-08-24', '2023-08-15,2023-09-07', '2023-08-24', '2023-08-24', '2023-08-24', '穆老师', NULL, '2023-08-24', '2023-08-24', NULL, '卢向上', '预备党员', NULL);
INSERT INTO `personi` VALUES ('2136101047', NULL, NULL, NULL, 'NDExNDgxMjIwMzA1MTAxMDQw', '河南省,新乡市,封丘县', '17630727164', '2023-08-24', NULL, NULL, '2023-08-24', '2023-08-15,2023-09-07', '2023-08-24', '2023-08-24', '2023-08-24', NULL, NULL, '2023-08-24', '2023-08-24', NULL, '王璐琪', NULL, NULL);
INSERT INTO `personi` VALUES ('2136101048', NULL, NULL, NULL, 'NDExNDgxMjIwMzA1MTAxMDQw', '河南省,新乡市,封丘县', '17630727164', '2023-08-24', NULL, NULL, '2023-08-24', '2023-08-15,2023-09-07', '2023-08-24', '2023-08-24', '2023-08-24', NULL, NULL, '2023-08-24', '2023-08-24', NULL, '杨澍茂', NULL, NULL);
INSERT INTO `personi` VALUES ('2136101049', NULL, NULL, NULL, 'NDExNDgxMjIwMzA1MTAxMDQw', '河南省,新乡市,封丘县', '17630727164', '2023-08-24', NULL, NULL, '2023-08-24', '2023-08-15,2023-09-07', '2023-08-24', '2023-08-24', '2023-08-24', NULL, NULL, '2023-08-24', '2023-08-24', NULL, '南佳媛', NULL, NULL);
INSERT INTO `personi` VALUES ('2136101050', NULL, NULL, NULL, 'NDExNDgxMjIwMzA1MTAxMDQw', '河南省,新乡市,封丘县', '17630727164', '2023-08-24', NULL, NULL, '2023-08-24', '2023-08-15,2023-09-07', '2023-08-24', '2023-08-24', '2023-08-24', NULL, NULL, '2023-08-24', '2023-08-24', NULL, '陈中升', NULL, NULL);
INSERT INTO `personi` VALUES ('2136101051', NULL, NULL, NULL, 'NDExNDgxMjIwMzA1MTAxMDQw', '河南省,新乡市,封丘县', '17630727164', '2023-08-24', NULL, NULL, '2023-08-24', '2023-08-15,2023-09-07', '2023-08-24', '2023-08-24', '2023-08-24', NULL, NULL, '2023-08-24', '2023-08-24', NULL, '焦佳乐', NULL, NULL);
INSERT INTO `personi` VALUES ('2136101052', NULL, NULL, NULL, 'NDExNDgxMjIwMzA1MTAxMDQw', '河南省,新乡市,封丘县', '17630727164', '2023-08-24', NULL, NULL, '2023-08-24', '2023-08-15,2023-09-07', '2023-08-24', '2023-08-24', '2023-08-24', NULL, NULL, '2023-08-24', '2023-08-24', NULL, '袁豪飞', NULL, NULL);
INSERT INTO `personi` VALUES ('2136101053', NULL, NULL, NULL, 'NDExNDgxMjIwMzA1MTAxMDQw', '河南省,新乡市,封丘县', '17630727164', '2023-08-24', NULL, NULL, '2023-08-24', '2023-08-15,2023-09-07', '2023-08-24', '2023-08-24', '2023-08-24', NULL, NULL, '2023-08-24', '2023-08-24', NULL, '余振宇', NULL, NULL);
INSERT INTO `personi` VALUES ('2136101054', NULL, NULL, NULL, 'NDExNDgxMjIwMzA1MTAxMDQw', '河南省,新乡市,封丘县', '17630727164', '2023-08-24', NULL, NULL, '2023-08-24', '2023-08-15,2023-09-07', '2023-08-24', '2023-08-24', '2023-08-24', NULL, NULL, '2023-08-24', '2023-08-24', NULL, '未想', NULL, NULL);
INSERT INTO `personi` VALUES ('2136101055', NULL, NULL, NULL, 'NDExNDgxMjIwMzA1MTAxMDQw', '河南省,新乡市,封丘县', '17630727164', '2023-08-24', NULL, NULL, '2023-08-24', '2023-08-15,2023-09-07', '2023-08-24', '2023-08-24', '2023-08-24', NULL, NULL, '2023-08-24', '2023-08-24', NULL, '唐绍波', NULL, NULL);
INSERT INTO `personi` VALUES ('2136101056', NULL, NULL, NULL, 'NDExNDgxMjIwMzA1MTAxMDQw', '河南省,新乡市,封丘县', '17630727164', '2023-08-24', NULL, NULL, '2023-08-24', '2023-08-15,2023-09-07', '2023-08-24', '2023-08-24', '2023-08-24', NULL, NULL, '2023-08-24', '2023-08-24', NULL, '于壮壮', NULL, NULL);
INSERT INTO `personi` VALUES ('2136101057', NULL, NULL, NULL, 'NDExNDgxMjIwMzA1MTAxMDQw', '河南省,新乡市,封丘县', '17630727164', '2023-08-24', NULL, NULL, '2023-08-24', '2023-08-15,2023-09-07', '2023-08-24', '2023-08-24', '2023-08-24', NULL, NULL, '2023-08-24', '2023-08-24', NULL, '何英楠', NULL, NULL);
INSERT INTO `personi` VALUES ('2136101058', NULL, NULL, NULL, 'NDExNDgxMjIwMzA1MTAxMDQw', '河南省,新乡市,封丘县', '17630727164', '2023-08-24', NULL, NULL, '2023-08-24', '2023-08-15,2023-09-07', '2023-08-24', '2023-08-24', '2023-08-24', NULL, NULL, '2023-08-24', '2023-08-24', NULL, '卢仕航', NULL, NULL);
INSERT INTO `personi` VALUES ('2136101059', NULL, NULL, NULL, 'NDExNDgxMjIwMzA1MTAxMDQw', '河南省,新乡市,封丘县', '17630727164', '2023-08-24', NULL, NULL, '2023-08-24', '2023-08-15,2023-09-07', '2023-08-24', '2023-08-24', '2023-08-24', NULL, NULL, '2023-08-24', '2023-08-24', NULL, '谢亚呈', NULL, NULL);
INSERT INTO `personi` VALUES ('2136101060', NULL, NULL, NULL, 'NDExNDgxMjIwMzA1MTAxMDQw', '河南省,新乡市,封丘县', '17630727164', '2023-08-24', NULL, NULL, '2023-08-24', '2023-08-15,2023-09-07', '2023-08-24', '2023-08-24', '2023-08-24', NULL, NULL, '2023-08-24', '2023-08-24', NULL, '郭继州', NULL, NULL);
INSERT INTO `personi` VALUES ('2136101061', NULL, NULL, NULL, 'NDExNDgxMjIwMzA1MTAxMDQw', '河南省,新乡市,封丘县', '17630727164', '2023-08-24', NULL, NULL, '2023-08-24', '2023-08-15,2023-09-07', '2023-08-24', '2023-08-24', '2023-08-24', NULL, NULL, '2023-08-24', '2023-08-24', NULL, '吴家新', NULL, NULL);
INSERT INTO `personi` VALUES ('2136101062', NULL, NULL, NULL, 'NDExNDgxMjIwMzA1MTAxMDQw', '河南省,新乡市,封丘县', '17630727164', '2023-08-24', NULL, NULL, '2023-08-24', '2023-08-15,2023-09-07', '2023-08-24', '2023-08-24', '2023-08-24', NULL, NULL, '2023-08-24', '2023-08-24', NULL, '原铂鑫', NULL, NULL);
INSERT INTO `personi` VALUES ('2136101063', NULL, NULL, NULL, 'NDExNDgxMjIwMzA1MTAxMDQw', '河南省,新乡市,封丘县', '17630727164', '2023-08-24', NULL, NULL, '2023-08-24', '2023-08-15,2023-09-07', '2023-08-24', '2023-08-24', '2023-08-24', NULL, NULL, '2023-08-24', '2023-08-24', NULL, '夏文涛', NULL, NULL);
INSERT INTO `personi` VALUES ('2136101064', NULL, NULL, NULL, 'NDExNDgxMjIwMzA1MTAxMDQw', '河南省,新乡市,封丘县', '17630727164', '2023-08-24', NULL, NULL, '2023-08-24', '2023-08-15,2023-09-07', '2023-08-24', '2023-08-24', '2023-08-24', NULL, NULL, '2023-08-24', '2023-08-24', NULL, '班慧杰', NULL, NULL);
INSERT INTO `personi` VALUES ('2136101065', NULL, NULL, NULL, 'NDExNDgxMjIwMzA1MTAxMDQw', '河南省,新乡市,封丘县', '17630727164', '2023-08-24', NULL, NULL, '2023-08-24', '2023-08-15,2023-09-07', '2023-08-24', '2023-08-24', '2023-08-24', NULL, NULL, '2023-08-24', '2023-08-24', NULL, '梁志伟', NULL, NULL);
INSERT INTO `personi` VALUES ('2136101066', NULL, NULL, NULL, 'NDExNDgxMjIwMzA1MTAxMDQw', '河南省,新乡市,封丘县', '17630727164', '2023-08-24', NULL, NULL, '2023-08-24', '2023-08-15,2023-09-07', '2023-08-24', '2023-08-24', '2023-08-24', NULL, NULL, '2023-08-24', '2023-08-24', NULL, '贾梦亚', NULL, NULL);
INSERT INTO `personi` VALUES ('2136101067', NULL, NULL, NULL, 'NDExNDgxMjIwMzA1MTAxMDQw', '河南省,新乡市,封丘县', '17630727164', '2023-08-24', NULL, NULL, '2023-08-24', '2023-08-15,2023-09-07', '2023-08-24', '2023-08-24', '2023-08-24', NULL, NULL, '2023-08-24', '2023-08-24', NULL, '李秋李', NULL, NULL);
INSERT INTO `personi` VALUES ('2136101068', NULL, NULL, NULL, 'NDExNDgxMjIwMzA1MTAxMDQw', '河南省,新乡市,封丘县', '17630727164', '2023-08-24', NULL, NULL, '2023-08-24', '2023-08-15,2023-09-07', '2023-08-24', '2023-08-24', '2023-08-24', NULL, NULL, '2023-08-24', '2023-08-24', NULL, '张帅军', NULL, NULL);
INSERT INTO `personi` VALUES ('2136101069', NULL, NULL, NULL, 'NDExNDgxMjIwMzA1MTAxMDQw', '河南省,新乡市,封丘县', '17630727164', '2023-08-24', NULL, NULL, '2023-08-24', '2023-08-15,2023-09-07', '2023-08-24', '2023-08-24', '2023-08-24', NULL, NULL, '2023-08-24', '2023-08-24', NULL, '安旌天', NULL, NULL);
INSERT INTO `personi` VALUES ('2136101070', NULL, NULL, NULL, 'NDExNDgxMjIwMzA1MTAxMDQw', '河南省,新乡市,封丘县', '17630727164', '2023-08-24', NULL, NULL, '2023-08-24', '2023-08-15,2023-09-07', '2023-08-24', '2023-08-24', '2023-08-24', NULL, NULL, '2023-08-24', '2023-08-24', NULL, '文传杰', NULL, NULL);
INSERT INTO `personi` VALUES ('2136101071', NULL, NULL, NULL, 'NDExNDgxMjIwMzA1MTAxMDQw', '河南省,新乡市,封丘县', '17630727164', '2023-08-24', NULL, NULL, '2023-08-24', '2023-08-15,2023-09-07', '2023-08-24', '2023-08-24', '2023-08-24', NULL, NULL, '2023-08-24', '2023-08-24', NULL, '刘志文', NULL, NULL);
INSERT INTO `personi` VALUES ('2136101072', NULL, NULL, NULL, 'NDExNDgxMjIwMzA1MTAxMDQw', '河南省,新乡市,封丘县', '17630727164', '2023-08-24', NULL, NULL, '2023-08-24', '2023-08-15,2023-09-07', '2023-08-24', '2023-08-24', '2023-08-24', NULL, NULL, '2023-08-24', '2023-08-24', NULL, '常印', NULL, NULL);
INSERT INTO `personi` VALUES ('2136101073', NULL, NULL, NULL, 'NDExNDgxMjIwMzA1MTAxMDQw', '河南省,新乡市,封丘县', '17630727164', '2023-08-24', NULL, NULL, '2023-08-24', '2023-08-15,2023-09-07', '2023-08-24', '2023-08-24', '2023-08-24', NULL, NULL, '2023-08-24', '2023-08-24', NULL, '刘常阔', NULL, NULL);
INSERT INTO `personi` VALUES ('2136101074', NULL, NULL, NULL, 'NDExNDgxMjIwMzA1MTAxMDQw', '河南省,新乡市,封丘县', '17630727164', '2023-08-24', NULL, NULL, '2023-08-24', '2023-08-15,2023-09-07', '2023-08-24', '2023-08-24', '2023-08-24', NULL, NULL, '2023-08-24', '2023-08-24', NULL, '刘美阳', NULL, NULL);
INSERT INTO `personi` VALUES ('2136101075', NULL, NULL, NULL, 'NDExNDgxMjIwMzA1MTAxMDQw', '河南省,新乡市,封丘县', '17630727164', '2023-08-24', NULL, NULL, '2023-08-24', '2023-08-15,2023-09-07', '2023-08-24', '2023-08-24', '2023-08-24', NULL, NULL, '2023-08-24', '2023-08-24', NULL, '李相钱', NULL, NULL);
INSERT INTO `personi` VALUES ('2136101076', NULL, NULL, NULL, 'NDExNDgxMjIwMzA1MTAxMDQw', '河南省,新乡市,封丘县', '17630727164', '2023-08-24', NULL, NULL, '2023-08-24', '2023-08-15,2023-09-07', '2023-08-24', '2023-08-24', '2023-08-24', NULL, NULL, '2023-08-24', '2023-08-24', NULL, '李明洋', NULL, NULL);
INSERT INTO `personi` VALUES ('2136101077', NULL, NULL, NULL, 'NDExNDgxMjIwMzA1MTAxMDQw', '河南省,新乡市,封丘县', '17630727164', '2023-08-24', NULL, NULL, '2023-08-24', '2023-08-15,2023-09-07', '2023-08-24', '2023-08-24', '2023-08-24', NULL, NULL, '2023-08-24', '2023-08-24', NULL, '袁鹏', NULL, NULL);
INSERT INTO `personi` VALUES ('2136101078', NULL, NULL, NULL, 'NDExNDgxMjIwMzA1MTAxMDQw', '河南省,新乡市,封丘县', '17630727164', '2023-08-24', NULL, NULL, '2023-08-24', '2023-08-15,2023-09-07', '2023-08-24', '2023-08-24', '2023-08-24', NULL, NULL, '2023-08-24', '2023-08-24', NULL, '薛晓龙', NULL, NULL);
INSERT INTO `personi` VALUES ('2136101079', NULL, NULL, NULL, 'NDExNDgxMjIwMzA1MTAxMDQw', '河南省,新乡市,封丘县', '17630727164', '2023-08-24', NULL, NULL, '2023-08-24', '2023-08-15,2023-09-07', '2023-08-24', '2023-08-24', '2023-08-24', NULL, NULL, '2023-08-24', '2023-08-24', NULL, '杨一波', NULL, NULL);
INSERT INTO `personi` VALUES ('2136101080', NULL, NULL, NULL, 'NDExNDgxMjIwMzA1MTAxMDQw', '河南省,新乡市,封丘县', '17630727164', '2023-08-24', NULL, NULL, '2023-08-24', '2023-08-15,2023-09-07', '2023-08-24', '2023-08-24', '2023-08-24', NULL, NULL, '2023-08-24', '2023-08-24', NULL, '王海涛', NULL, NULL);
INSERT INTO `personi` VALUES ('2136101081', NULL, NULL, NULL, 'NDExNDgxMjIwMzA1MTAxMDQw', '河南省,新乡市,封丘县', '17630727164', '2023-08-24', NULL, NULL, '2023-08-24', '2023-08-15,2023-09-07', '2023-08-24', '2023-08-24', '2023-08-24', NULL, NULL, '2023-08-24', '2023-08-24', NULL, '王文博', NULL, NULL);
INSERT INTO `personi` VALUES ('2136101082', NULL, NULL, NULL, 'NDExNDgxMjIwMzA1MTAxMDQw', '河南省,新乡市,封丘县', '17630727164', '2023-08-24', NULL, NULL, '2023-08-24', '2023-08-15,2023-09-07', '2023-08-24', '2023-08-24', '2023-08-24', NULL, NULL, '2023-08-24', '2023-08-24', NULL, '王雨琦', NULL, NULL);
INSERT INTO `personi` VALUES ('2136101083', NULL, NULL, NULL, 'NDExNDgxMjIwMzA1MTAxMDQw', '河南省,新乡市,封丘县', '17630727164', '2023-08-24', NULL, NULL, '2023-08-24', '2023-08-15,2023-09-07', '2023-08-24', '2023-08-24', '2023-08-24', NULL, NULL, '2023-08-24', '2023-08-24', NULL, '赵帅', NULL, NULL);
INSERT INTO `personi` VALUES ('2136101084', NULL, NULL, NULL, 'NDExNDgxMjIwMzA1MTAxMDQw', '河南省,新乡市,封丘县', '17630727164', '2023-08-24', NULL, NULL, '2023-08-24', '2023-08-15,2023-09-07', '2023-08-24', '2023-08-24', '2023-08-24', NULL, NULL, '2023-08-24', '2023-08-24', NULL, '徐清凯', NULL, NULL);
INSERT INTO `personi` VALUES ('2136101085', NULL, NULL, NULL, 'NDExNDgxMjIwMzA1MTAxMDQw', '河南省,新乡市,封丘县', '17630727164', '2023-08-24', NULL, NULL, '2023-08-24', '2023-08-15,2023-09-07', '2023-08-24', '2023-08-24', '2023-08-24', NULL, NULL, '2023-08-24', '2023-08-24', NULL, '张萌萌', NULL, NULL);
INSERT INTO `personi` VALUES ('2136101086', NULL, NULL, NULL, 'NDExNDgxMjIwMzA1MTAxMDQw', '河南省,新乡市,封丘县', '17630727164', '2023-08-24', NULL, NULL, '2023-08-24', '2023-08-15,2023-09-07', '2023-08-24', '2023-08-24', '2023-08-24', NULL, NULL, '2023-08-24', '2023-08-24', NULL, '郑镇威', NULL, NULL);
INSERT INTO `personi` VALUES ('2136101087', NULL, NULL, NULL, 'NDExNDgxMjIwMzA1MTAxMDQw', '河南省,新乡市,封丘县', '17630727164', '2023-08-24', NULL, NULL, '2023-08-24', '2023-08-15,2023-09-07', '2023-08-24', '2023-08-24', '2023-08-24', NULL, NULL, '2023-08-24', '2023-08-24', NULL, '李坤', NULL, NULL);
INSERT INTO `personi` VALUES ('2136101088', NULL, NULL, NULL, 'NDExNDgxMjIwMzA1MTAxMDQw', '河南省,新乡市,封丘县', '17630727164', '2023-08-24', NULL, NULL, '2023-08-24', '2023-08-15,2023-09-07', '2023-08-24', '2023-08-24', '2023-08-24', NULL, NULL, '2023-08-24', '2023-08-24', NULL, '武梦尧', NULL, NULL);
INSERT INTO `personi` VALUES ('2136101089', NULL, NULL, NULL, 'NDExNDgxMjIwMzA1MTAxMDQw', '河南省,新乡市,封丘县', '17630727164', '2023-08-24', NULL, NULL, '2023-08-24', '2023-08-15,2023-09-07', '2023-08-24', '2023-08-24', '2023-08-24', NULL, NULL, '2023-08-24', '2023-08-24', NULL, '赵妍', NULL, NULL);
INSERT INTO `personi` VALUES ('2136101090', NULL, NULL, NULL, 'NDExNDgxMjIwMzA1MTAxMDQw', '河南省,新乡市,封丘县', '17630727164', '2023-08-24', NULL, NULL, '2023-08-24', '2023-08-15,2023-09-07', '2023-08-24', '2023-08-24', '2023-08-24', NULL, NULL, '2023-08-24', '2023-08-24', NULL, '周扬', NULL, NULL);
INSERT INTO `personi` VALUES ('2136101091', NULL, NULL, NULL, 'NDExNDgxMjIwMzA1MTAxMDQw', '河南省,新乡市,封丘县', '17630727164', '2023-08-24', NULL, NULL, '2023-08-24', '2023-08-15,2023-09-07', '2023-08-24', '2023-08-24', '2023-08-24', NULL, NULL, '2023-08-24', '2023-08-24', NULL, '庄隆欣', NULL, NULL);
INSERT INTO `personi` VALUES ('2136101092', NULL, NULL, NULL, 'NDExNDgxMjIwMzA1MTAxMDQw', '河南省,新乡市,封丘县', '17630727164', '2023-08-24', NULL, NULL, '2023-08-24', '2023-08-15,2023-09-07', '2023-08-24', '2023-08-24', '2023-08-24', NULL, NULL, '2023-08-24', '2023-08-24', NULL, '孙文杰', NULL, NULL);
INSERT INTO `personi` VALUES ('2136101094', NULL, NULL, NULL, 'NDExNDgxMjIwMzA1MTAxMDQw', '河南省,新乡市,封丘县', '17630727164', '2023-08-24', NULL, NULL, '2023-08-24', '2023-08-15,2023-09-07', '2023-08-24', '2023-08-24', '2023-08-24', NULL, NULL, '2023-08-24', '2023-08-24', NULL, '王梦宇', NULL, NULL);
INSERT INTO `personi` VALUES ('2136101095', NULL, NULL, NULL, 'NDExNDgxMjIwMzA1MTAxMDQw', '河南省,新乡市,封丘县', '17630727164', '2023-08-24', NULL, NULL, '2023-08-24', '2023-08-15,2023-09-07', '2023-08-24', '2023-08-24', '2023-08-24', NULL, NULL, '2023-08-24', '2023-08-24', NULL, '许凯达', NULL, NULL);
INSERT INTO `personi` VALUES ('2136101096', NULL, NULL, NULL, 'NDExNDgxMjIwMzA1MTAxMDQw', '河南省,新乡市,封丘县', '17630727164', '2023-08-24', NULL, NULL, '2023-08-24', '2023-08-15,2023-09-07', '2023-08-24', '2023-08-24', '2023-08-24', NULL, NULL, '2023-08-24', '2023-08-24', NULL, '刘海涛', NULL, NULL);
INSERT INTO `personi` VALUES ('2136101097', NULL, NULL, NULL, 'NDExNDgxMjIwMzA1MTAxMDQw', '河南省,新乡市,封丘县', '17630727164', '2023-08-24', NULL, NULL, '2023-08-24', '2023-08-15,2023-09-07', '2023-08-24', '2023-08-24', '2023-08-24', NULL, NULL, '2023-08-24', '2023-08-24', NULL, '常铭宇', NULL, NULL);
INSERT INTO `personi` VALUES ('2136101098', NULL, NULL, NULL, 'NDExNDgxMjIwMzA1MTAxMDQw', '河南省,新乡市,封丘县', '17630727164', '2023-08-24', NULL, NULL, '2023-08-24', '2023-08-15,2023-09-07', '2023-08-24', '2023-08-24', '2023-08-24', NULL, NULL, '2023-08-24', '2023-08-24', NULL, '翟展旭', NULL, NULL);
INSERT INTO `personi` VALUES ('2136101099', NULL, NULL, NULL, 'NDExNDgxMjIwMzA1MTAxMDQw', '河南省,新乡市,封丘县', '17630727164', '2023-08-24', NULL, NULL, '2023-08-24', '2023-08-15,2023-09-07', '2023-08-24', '2023-08-24', '2023-08-24', NULL, NULL, '2023-08-24', '2023-08-24', NULL, '李阅康', NULL, NULL);
INSERT INTO `personi` VALUES ('2136101100', NULL, NULL, NULL, 'NDExNDgxMjIwMzA1MTAxMDQw', '河南省,新乡市,封丘县', '17630727164', '2023-08-24', NULL, NULL, '2023-08-24', '2023-08-15,2023-09-07', '2023-08-24', '2023-08-24', '2023-08-24', NULL, NULL, '2023-08-24', '2023-08-24', NULL, '蒋梅静', NULL, NULL);
INSERT INTO `personi` VALUES ('2136101101', NULL, NULL, NULL, 'NDExNDgxMjIwMzA1MTAxMDQw', '河南省,新乡市,封丘县', '17630727164', '2023-08-24', NULL, NULL, '2023-08-24', '2023-08-15,2023-09-07', '2023-08-24', '2023-08-24', '2023-08-24', NULL, NULL, '2023-08-24', '2023-08-24', NULL, '周家乐', NULL, NULL);
INSERT INTO `personi` VALUES ('2136101102', NULL, NULL, NULL, 'NDExNDgxMjIwMzA1MTAxMDQw', '河南省,新乡市,封丘县', '17630727164', '2023-08-24', NULL, NULL, '2023-08-24', '2023-08-15,2023-09-07', '2023-08-24', '2023-08-24', '2023-08-24', NULL, NULL, '2023-08-24', '2023-08-24', NULL, '陈胤龙', NULL, NULL);
INSERT INTO `personi` VALUES ('2136101103', NULL, NULL, NULL, 'NDExNDgxMjIwMzA1MTAxMDQw', '河南省,新乡市,封丘县', '17630727164', '2023-08-24', NULL, NULL, '2023-08-24', '2023-08-15,2023-09-07', '2023-08-24', '2023-08-24', '2023-08-24', NULL, NULL, '2023-08-24', '2023-08-24', NULL, '薛奥运', NULL, NULL);
INSERT INTO `personi` VALUES ('2136101104', NULL, NULL, NULL, 'NDExNDgxMjIwMzA1MTAxMDQw', '河南省,新乡市,封丘县', '17630727164', '2023-08-24', NULL, NULL, '2023-08-24', '2023-08-15,2023-09-07', '2023-08-24', '2023-08-24', '2023-08-24', NULL, NULL, '2023-08-24', '2023-08-24', NULL, '党璟涛', NULL, NULL);
INSERT INTO `personi` VALUES ('2136101105', NULL, NULL, NULL, 'NDExNDgxMjIwMzA1MTAxMDQw', '河南省,新乡市,封丘县', '17630727164', '2023-08-24', NULL, NULL, '2023-08-24', '2023-08-15,2023-09-07', '2023-08-24', '2023-08-24', '2023-08-24', NULL, NULL, '2023-08-24', '2023-08-24', NULL, '高艺帆', NULL, NULL);
INSERT INTO `personi` VALUES ('2136101106', NULL, NULL, NULL, 'NDExNDgxMjIwMzA1MTAxMDQw', '河南省,新乡市,封丘县', '17630727164', '2023-08-24', NULL, NULL, '2023-08-24', '2023-08-15,2023-09-07', '2023-08-24', '2023-08-24', '2023-08-24', NULL, NULL, '2023-08-24', '2023-08-24', NULL, '张书豪', NULL, NULL);
INSERT INTO `personi` VALUES ('2136101107', NULL, NULL, NULL, 'NDExNDgxMjIwMzA1MTAxMDQw', '河南省,新乡市,封丘县', '17630727164', '2023-08-24', NULL, NULL, '2023-08-24', '2023-08-15,2023-09-07', '2023-08-24', '2023-08-24', '2023-08-24', NULL, NULL, '2023-08-24', '2023-08-24', NULL, '祁威铭', NULL, NULL);
INSERT INTO `personi` VALUES ('2136101108', NULL, NULL, NULL, 'NDExNDgxMjIwMzA1MTAxMDQw', '河南省,新乡市,封丘县', '17630727164', '2023-08-24', NULL, NULL, '2023-08-24', '2023-08-15,2023-09-07', '2023-08-24', '2023-08-24', '2023-08-24', NULL, NULL, '2023-08-24', '2023-08-24', NULL, '陈文博', NULL, NULL);
INSERT INTO `personi` VALUES ('2136101109', NULL, NULL, NULL, 'NDExNDgxMjIwMzA1MTAxMDQw', '河南省,新乡市,封丘县', '17630727164', '2023-08-24', NULL, NULL, '2023-08-24', '2023-08-15,2023-09-07', '2023-08-24', '2023-08-24', '2023-08-24', NULL, NULL, '2023-08-24', '2023-08-24', NULL, '郑遇琪', NULL, NULL);
INSERT INTO `personi` VALUES ('2136101110', NULL, NULL, NULL, 'NDExNDgxMjIwMzA1MTAxMDQw', '河南省,新乡市,封丘县', '17630727164', '2023-08-24', NULL, NULL, '2023-08-24', '2023-08-15,2023-09-07', '2023-08-24', '2023-08-24', '2023-08-24', NULL, NULL, '2023-08-24', '2023-08-24', NULL, '张辉武', NULL, NULL);
INSERT INTO `personi` VALUES ('2136101111', NULL, NULL, NULL, 'NDExNDgxMjIwMzA1MTAxMDQw', '河南省,新乡市,封丘县', '17630727164', '2023-08-24', NULL, NULL, '2023-08-24', '2023-08-15,2023-09-07', '2023-08-24', '2023-08-24', '2023-08-24', NULL, NULL, '2023-08-24', '2023-08-24', NULL, '白卓妍', NULL, NULL);
INSERT INTO `personi` VALUES ('2136101112', NULL, NULL, NULL, 'NDExNDgxMjIwMzA1MTAxMDQw', '河南省,新乡市,封丘县', '17630727164', '2023-08-24', NULL, NULL, '2023-08-24', '2023-08-15,2023-09-07', '2023-08-24', '2023-08-24', '2023-08-24', NULL, NULL, '2023-08-24', '2023-08-24', NULL, '孟凡超', NULL, NULL);
INSERT INTO `personi` VALUES ('2136101113', NULL, NULL, NULL, 'NDExNDgxMjIwMzA1MTAxMDQw', '河南省,新乡市,封丘县', '17630727164', '2023-08-24', NULL, NULL, '2023-08-24', '2023-08-15,2023-09-07', '2023-08-24', '2023-08-24', '2023-08-24', NULL, NULL, '2023-08-24', '2023-08-24', NULL, '赵建旭', NULL, NULL);
INSERT INTO `personi` VALUES ('2136101114', NULL, NULL, NULL, 'NDExNDgxMjIwMzA1MTAxMDQw', '河南省,新乡市,封丘县', '17630727164', '2023-08-24', NULL, NULL, '2023-08-24', '2023-08-15,2023-09-07', '2023-08-24', '2023-08-24', '2023-08-24', NULL, NULL, '2023-08-24', '2023-08-24', NULL, '周子涵', NULL, NULL);
INSERT INTO `personi` VALUES ('2136101115', NULL, NULL, NULL, 'NDExNDgxMjIwMzA1MTAxMDQw', '河南省,新乡市,封丘县', '17630727164', '2023-08-24', NULL, NULL, '2023-08-24', '2023-08-15,2023-09-07', '2023-08-24', '2023-08-24', '2023-08-24', NULL, NULL, '2023-08-24', '2023-08-24', NULL, '王群浩', NULL, NULL);
INSERT INTO `personi` VALUES ('2136101116', NULL, NULL, NULL, 'NDExNDgxMjIwMzA1MTAxMDQw', '河南省,新乡市,封丘县', '17630727164', '2023-08-24', NULL, NULL, '2023-08-24', '2023-08-15,2023-09-07', '2023-08-24', '2023-08-24', '2023-08-24', NULL, NULL, '2023-08-24', '2023-08-24', NULL, '王富景', NULL, NULL);
INSERT INTO `personi` VALUES ('2136101117', NULL, NULL, NULL, 'NDExNDgxMjIwMzA1MTAxMDQw', '河南省,新乡市,封丘县', '17630727164', '2023-08-24', NULL, NULL, '2023-08-24', '2023-08-15,2023-09-07', '2023-08-24', '2023-08-24', '2023-08-24', NULL, NULL, '2023-08-24', '2023-08-24', NULL, '张志伟', NULL, NULL);
INSERT INTO `personi` VALUES ('2136101118', NULL, NULL, NULL, 'NDExNDgxMjIwMzA1MTAxMDQw', '河南省,新乡市,封丘县', '17630727164', '2023-08-24', NULL, NULL, '2023-08-24', '2023-08-15,2023-09-07', '2023-08-24', '2023-08-24', '2023-08-24', NULL, NULL, '2023-08-24', '2023-08-24', NULL, '段文辉', NULL, NULL);
INSERT INTO `personi` VALUES ('2136101119', NULL, NULL, NULL, 'NDExNDgxMjIwMzA1MTAxMDQw', '河南省,新乡市,封丘县', '17630727164', '2023-08-24', NULL, NULL, '2023-08-24', '2023-08-15,2023-09-07', '2023-08-24', '2023-08-24', '2023-08-24', NULL, NULL, '2023-08-24', '2023-08-24', NULL, '路朝麟', NULL, NULL);
INSERT INTO `personi` VALUES ('2136101120', NULL, NULL, NULL, 'NDExNDgxMjIwMzA1MTAxMDQw', '河南省,新乡市,封丘县', '17630727164', '2023-08-24', NULL, NULL, '2023-08-24', '2023-08-15,2023-09-07', '2023-08-24', '2023-08-24', '2023-08-24', NULL, NULL, '2023-08-24', '2023-08-24', NULL, '杨宇航', NULL, NULL);
INSERT INTO `personi` VALUES ('2136101304', NULL, NULL, NULL, NULL, '河南省,新乡市,封丘县', '17630727164', NULL, NULL, NULL, NULL, NULL, NULL, NULL, NULL, NULL, NULL, NULL, NULL, NULL, '李六', NULL, NULL);
INSERT INTO `personi` VALUES ('2136435678', NULL, NULL, NULL, NULL, '河南省,新乡市,封丘县', '17630727164', NULL, NULL, NULL, NULL, NULL, NULL, NULL, NULL, NULL, NULL, NULL, NULL, NULL, '李四', NULL, NULL);

-- ----------------------------
-- Table structure for time
-- ----------------------------
DROP TABLE IF EXISTS `time`;
CREATE TABLE `time`  (
  `id` int NOT NULL COMMENT '主键',
  `date` varchar(255) CHARACTER SET utf8mb4 COLLATE utf8mb4_0900_ai_ci NULL DEFAULT NULL COMMENT '开始时间与结束时间',
  PRIMARY KEY (`id`) USING BTREE
) ENGINE = InnoDB CHARACTER SET = utf8mb4 COLLATE = utf8mb4_0900_ai_ci ROW_FORMAT = DYNAMIC;

-- ----------------------------
-- Records of time
-- ----------------------------
INSERT INTO `time` VALUES (1, '');

SET FOREIGN_KEY_CHECKS = 1;
